{
    "MapObjectList": [
        {
            "objId": 1000,
            "worldPos": {
                "x": 10.0,
                "y": 1.0,
                "z": -10.0
            },
            "layerType": 3,
            "tagType": 1,
            "colliderType": 0,
            "bounds": {
                "m_Center": {
                    "x": 9.72103214263916,
                    "y": 1.1132805347442628,
                    "z": -9.016707420349121
                },
                "m_Extent": {
                    "x": 0.29114246368408205,
                    "y": 0.6454473733901978,
                    "z": 1.6266260147094727
                }
            }
        },
        {
            "objId": 1001,
            "worldPos": {
                "x": -10.0,
                "y": 1.0,
                "z": 10.0
            },
            "layerType": 3,
            "tagType": 1,
            "colliderType": 0,
            "bounds": {
                "m_Center": {
                    "x": -10.273841857910157,
                    "y": 1.146820306777954,
                    "z": 11.162513732910157
                },
                "m_Extent": {
                    "x": 0.28342247009277346,
                    "y": 0.47614166140556338,
                    "z": 1.391357421875
                }
            }
        }
    ]
}